{"inputUnits":[34],"outputUnits":4,"inputs":{"0":{"dtype":"number","min":260.63765707646826,"max":305.5616018094905},"1":{"dtype":"number","min":110.80618298007357,"max":139.13854101752494},"2":{"dtype":"number","min":276.60112833698435,"max":317.5054082610728},"3":{"dtype":"number","min":95.14818480970331,"max":126.90148913906705},"4":{"dtype":"number","min":249.8385988228052,"max":301.2925441163059},"5":{"dtype":"number","min":98.80103679018725,"max":127.8911605419352},"6":{"dtype":"number","min":304.3734800583658,"max":343.41258245683366},"7":{"dtype":"number","min":89.1423159350681,"max":144.19906675583658},"8":{"dtype":"number","min":243.45429060524077,"max":315.20910537660353},"9":{"dtype":"number","min":98.1325237110895,"max":145.78299793287937},"10":{"dtype":"number","min":336.7232183909138,"max":379.3509896719966},"11":{"dtype":"number","min":165.8383339017282,"max":236.9099067064575},"12":{"dtype":"number","min":218.081447734907,"max":344.19343465960907},"13":{"dtype":"number","min":161.5123238173904,"max":225.14562703292194},"14":{"dtype":"number","min":350.20117793101747,"max":425.4339243373054},"15":{"dtype":"number","min":121.83333697486017,"max":353.7695288750912},"16":{"dtype":"number","min":153.35417988699234,"max":359.6465331942191},"17":{"dtype":"number","min":119.92388654775658,"max":340.49948844464376},"18":{"dtype":"number","min":291.8136204819735,"max":384.20602642608526},"19":{"dtype":"number","min":52.96249211530278,"max":467.304368074766},"20":{"dtype":"number","min":206.809073125342,"max":327.8489103205937},"21":{"dtype":"number","min":49.27583805781859,"max":442.3176292686611},"22":{"dtype":"number","min":308.4837014758633,"max":360.8822183571901},"23":{"dtype":"number","min":359.1011995842485,"max":458.57618042467175},"24":{"dtype":"number","min":218.10878174778088,"max":350.99259550933243},"25":{"dtype":"number","min":357.83808582023886,"max":449.87922757516117},"26":{"dtype":"number","min":300.50900826658255,"max":368.80238573838767},"27":{"dtype":"number","min":442.78098763195,"max":574.1974862540278},"28":{"dtype":"number","min":190.17571712746232,"max":372.8236632588309},"29":{"dtype":"number","min":439.2480842798136,"max":564.4838361331925},"30":{"dtype":"number","min":278.03945905039745,"max":364.231870183685},"31":{"dtype":"number","min":467.98661050165674,"max":570.8296815152298},"32":{"dtype":"number","min":194.38581503782754,"max":358.71803017441863},"33":{"dtype":"number","min":451.79469008390083,"max":568.7973153080922}},"outputs":{"0":{"dtype":"string","min":0,"max":1,"uniqueValues":["1","2","3","4"],"legend":{"1":[1,0,0,0],"2":[0,1,0,0],"3":[0,0,1,0],"4":[0,0,0,1]}}},"isNormalized":true}